lat,lon,p_reunion_timed
-42.0,82.0,0.000012
-42.0,82.5,0.000012
-42.0,83.0,0.000012
-42.0,83.5,0.000012
-42.0,84.0,0.000012
-42.0,84.5,0.000012
-42.0,85.0,0.000012
-42.0,85.5,0.000012
-42.0,86.0,0.000012
-42.0,86.5,0.000012
-42.0,87.0,0.000022
-42.0,87.5,0.000022
-42.0,88.0,0.000062
-42.0,88.5,0.002792
-42.0,89.0,0.002687
-42.0,89.5,0.002855
-42.0,90.0,0.002842
-42.0,90.5,0.005323
-42.0,91.0,0.006102
-42.0,91.5,0.005285
-42.0,92.0,0.005177
-42.0,92.5,0.005492
-42.0,93.0,0.004640
-42.0,93.5,0.004404
-42.0,94.0,0.004352
-42.0,94.5,0.004498
-42.0,95.0,0.004059
-42.0,95.5,0.004233
-42.0,96.0,0.005503
-42.0,96.5,0.005457
-42.0,97.0,0.005232
-42.0,97.5,0.005308
-42.0,98.0,0.005042
-42.0,98.5,0.007951
-42.0,99.0,0.007945
-42.0,99.5,0.007381
-42.0,100.0,0.007452
-42.0,100.5,0.007539
-42.0,101.0,0.006028
-42.0,101.5,0.002346
-42.0,102.0,0.002346
-42.0,102.5,0.002346
-42.0,103.0,0.002346
-42.0,103.5,0.002346
-41.5,82.0,0.000012
-41.5,82.5,0.000012
-41.5,83.0,0.000012
-41.5,83.5,0.000012
-41.5,84.0,0.000012
-41.5,84.5,0.000012
-41.5,85.0,0.000012
-41.5,85.5,0.000012
-41.5,86.0,0.000012
-41.5,86.5,0.000012
-41.5,87.0,0.000022
-41.5,87.5,0.000022
-41.5,88.0,0.000062
-41.5,88.5,0.002792
-41.5,89.0,0.002687
-41.5,89.5,0.002855
-41.5,90.0,0.002842
-41.5,90.5,0.005323
-41.5,91.0,0.006102
-41.5,91.5,0.005285
-41.5,92.0,0.005177
-41.5,92.5,0.005492
-41.5,93.0,0.004640
-41.5,93.5,0.004404
-41.5,94.0,0.004352
-41.5,94.5,0.004498
-41.5,95.0,0.004059
-41.5,95.5,0.004233
-41.5,96.0,0.005503
-41.5,96.5,0.005457
-41.5,97.0,0.005232
-41.5,97.5,0.005308
-41.5,98.0,0.005042
-41.5,98.5,0.007951
-41.5,99.0,0.007945
-41.5,99.5,0.007381
-41.5,100.0,0.007452
-41.5,100.5,0.007539
-41.5,101.0,0.006028
-41.5,101.5,0.002346
-41.5,102.0,0.002346
-41.5,102.5,0.002346
-41.5,103.0,0.002346
-41.5,103.5,0.002346
-41.0,82.0,0.000012
-41.0,82.5,0.000012
-41.0,83.0,0.000012
-41.0,83.5,0.000012
-41.0,84.0,0.000012
-41.0,84.5,0.000012
-41.0,85.0,0.000012
-41.0,85.5,0.000012
-41.0,86.0,0.000012
-41.0,86.5,0.000012
-41.0,87.0,0.000022
-41.0,87.5,0.000022
-41.0,88.0,0.000062
-41.0,88.5,0.002792
-41.0,89.0,0.002687
-41.0,89.5,0.002855
-41.0,90.0,0.002842
-41.0,90.5,0.005323
-41.0,91.0,0.006102
-41.0,91.5,0.005285
-41.0,92.0,0.005177
-41.0,92.5,0.005492
-41.0,93.0,0.004640
-41.0,93.5,0.004404
-41.0,94.0,0.004352
-41.0,94.5,0.004498
-41.0,95.0,0.004059
-41.0,95.5,0.004233
-41.0,96.0,0.005503
-41.0,96.5,0.005457
-41.0,97.0,0.005232
-41.0,97.5,0.005308
-41.0,98.0,0.005042
-41.0,98.5,0.007951
-41.0,99.0,0.007945
-41.0,99.5,0.007381
-41.0,100.0,0.007452
-41.0,100.5,0.007539
-41.0,101.0,0.006028
-41.0,101.5,0.002346
-41.0,102.0,0.002346
-41.0,102.5,0.002346
-41.0,103.0,0.002346
-41.0,103.5,0.002346
-40.5,82.0,0.000012
-40.5,82.5,0.000012
-40.5,83.0,0.000012
-40.5,83.5,0.000012
-40.5,84.0,0.000012
-40.5,84.5,0.000012
-40.5,85.0,0.000012
-40.5,85.5,0.000012
-40.5,86.0,0.000012
-40.5,86.5,0.000012
-40.5,87.0,0.000022
-40.5,87.5,0.000022
-40.5,88.0,0.000062
-40.5,88.5,0.002792
-40.5,89.0,0.002687
-40.5,89.5,0.002855
-40.5,90.0,0.002842
-40.5,90.5,0.005323
-40.5,91.0,0.006102
-40.5,91.5,0.005285
-40.5,92.0,0.005177
-40.5,92.5,0.005492
-40.5,93.0,0.004640
-40.5,93.5,0.004404
-40.5,94.0,0.004352
-40.5,94.5,0.004498
-40.5,95.0,0.004059
-40.5,95.5,0.004233
-40.5,96.0,0.005503
-40.5,96.5,0.005457
-40.5,97.0,0.005232
-40.5,97.5,0.005308
-40.5,98.0,0.005042
-40.5,98.5,0.007951
-40.5,99.0,0.007945
-40.5,99.5,0.007381
-40.5,100.0,0.007452
-40.5,100.5,0.007539
-40.5,101.0,0.006028
-40.5,101.5,0.002346
-40.5,102.0,0.002346
-40.5,102.5,0.002346
-40.5,103.0,0.002346
-40.5,103.5,0.002346
-40.0,82.0,0.000012
-40.0,82.5,0.000012
-40.0,83.0,0.000012
-40.0,83.5,0.000012
-40.0,84.0,0.000012
-40.0,84.5,0.000012
-40.0,85.0,0.000012
-40.0,85.5,0.000012
-40.0,86.0,0.000012
-40.0,86.5,0.000012
-40.0,87.0,0.000022
-40.0,87.5,0.000022
-40.0,88.0,0.000062
-40.0,88.5,0.002792
-40.0,89.0,0.002687
-40.0,89.5,0.002855
-40.0,90.0,0.002842
-40.0,90.5,0.005323
-40.0,91.0,0.006102
-40.0,91.5,0.005285
-40.0,92.0,0.005177
-40.0,92.5,0.005492
-40.0,93.0,0.004640
-40.0,93.5,0.004404
-40.0,94.0,0.004352
-40.0,94.5,0.004498
-40.0,95.0,0.004059
-40.0,95.5,0.004233
-40.0,96.0,0.005503
-40.0,96.5,0.005457
-40.0,97.0,0.005232
-40.0,97.5,0.005308
-40.0,98.0,0.005042
-40.0,98.5,0.007951
-40.0,99.0,0.007945
-40.0,99.5,0.007381
-40.0,100.0,0.007452
-40.0,100.5,0.007539
-40.0,101.0,0.006028
-40.0,101.5,0.002346
-40.0,102.0,0.002346
-40.0,102.5,0.002346
-40.0,103.0,0.002346
-40.0,103.5,0.002346
-39.5,82.0,0.000012
-39.5,82.5,0.000012
-39.5,83.0,0.000012
-39.5,83.5,0.000012
-39.5,84.0,0.000012
-39.5,84.5,0.000012
-39.5,85.0,0.000012
-39.5,85.5,0.000012
-39.5,86.0,0.000012
-39.5,86.5,0.000012
-39.5,87.0,0.000022
-39.5,87.5,0.000022
-39.5,88.0,0.000062
-39.5,88.5,0.002792
-39.5,89.0,0.002687
-39.5,89.5,0.002855
-39.5,90.0,0.002842
-39.5,90.5,0.005323
-39.5,91.0,0.006102
-39.5,91.5,0.005285
-39.5,92.0,0.005177
-39.5,92.5,0.005492
-39.5,93.0,0.004640
-39.5,93.5,0.004404
-39.5,94.0,0.004352
-39.5,94.5,0.004498
-39.5,95.0,0.004059
-39.5,95.5,0.004233
-39.5,96.0,0.005503
-39.5,96.5,0.005457
-39.5,97.0,0.005232
-39.5,97.5,0.005308
-39.5,98.0,0.005042
-39.5,98.5,0.007951
-39.5,99.0,0.007945
-39.5,99.5,0.007381
-39.5,100.0,0.007452
-39.5,100.5,0.007539
-39.5,101.0,0.006028
-39.5,101.5,0.002346
-39.5,102.0,0.002346
-39.5,102.5,0.002346
-39.5,103.0,0.002346
-39.5,103.5,0.002346
-39.0,82.0,0.000012
-39.0,82.5,0.000012
-39.0,83.0,0.000012
-39.0,83.5,0.000012
-39.0,84.0,0.000012
-39.0,84.5,0.000012
-39.0,85.0,0.000012
-39.0,85.5,0.000012
-39.0,86.0,0.000012
-39.0,86.5,0.000012
-39.0,87.0,0.000022
-39.0,87.5,0.000022
-39.0,88.0,0.000062
-39.0,88.5,0.002792
-39.0,89.0,0.002687
-39.0,89.5,0.002855
-39.0,90.0,0.002842
-39.0,90.5,0.005323
-39.0,91.0,0.006102
-39.0,91.5,0.005285
-39.0,92.0,0.005177
-39.0,92.5,0.005492
-39.0,93.0,0.004640
-39.0,93.5,0.004404
-39.0,94.0,0.004352
-39.0,94.5,0.004498
-39.0,95.0,0.004059
-39.0,95.5,0.004233
-39.0,96.0,0.005503
-39.0,96.5,0.005457
-39.0,97.0,0.005232
-39.0,97.5,0.005308
-39.0,98.0,0.005042
-39.0,98.5,0.007951
-39.0,99.0,0.007945
-39.0,99.5,0.007381
-39.0,100.0,0.007452
-39.0,100.5,0.007539
-39.0,101.0,0.006028
-39.0,101.5,0.002346
-39.0,102.0,0.002346
-39.0,102.5,0.002346
-39.0,103.0,0.002346
-39.0,103.5,0.002346
-38.5,82.0,0.000012
-38.5,82.5,0.000012
-38.5,83.0,0.000012
-38.5,83.5,0.000012
-38.5,84.0,0.000012
-38.5,84.5,0.000012
-38.5,85.0,0.000012
-38.5,85.5,0.000012
-38.5,86.0,0.000012
-38.5,86.5,0.000012
-38.5,87.0,0.000022
-38.5,87.5,0.000022
-38.5,88.0,0.000062
-38.5,88.5,0.002792
-38.5,89.0,0.002687
-38.5,89.5,0.002855
-38.5,90.0,0.002842
-38.5,90.5,0.005323
-38.5,91.0,0.006102
-38.5,91.5,0.005285
-38.5,92.0,0.005177
-38.5,92.5,0.005492
-38.5,93.0,0.004640
-38.5,93.5,0.004404
-38.5,94.0,0.004352
-38.5,94.5,0.004498
-38.5,95.0,0.004059
-38.5,95.5,0.004233
-38.5,96.0,0.005503
-38.5,96.5,0.005457
-38.5,97.0,0.005232
-38.5,97.5,0.005308
-38.5,98.0,0.005042
-38.5,98.5,0.007951
-38.5,99.0,0.007945
-38.5,99.5,0.007381
-38.5,100.0,0.007452
-38.5,100.5,0.007539
-38.5,101.0,0.006028
-38.5,101.5,0.002346
-38.5,102.0,0.002346
-38.5,102.5,0.002346
-38.5,103.0,0.002346
-38.5,103.5,0.002346
-38.0,82.0,0.000015
-38.0,82.5,0.000015
-38.0,83.0,0.000015
-38.0,83.5,0.000015
-38.0,84.0,0.000015
-38.0,84.5,0.000015
-38.0,85.0,0.000015
-38.0,85.5,0.000015
-38.0,86.0,0.000015
-38.0,86.5,0.000015
-38.0,87.0,0.000026
-38.0,87.5,0.000026
-38.0,88.0,0.000068
-38.0,88.5,0.003023
-38.0,89.0,0.002909
-38.0,89.5,0.003058
-38.0,90.0,0.003044
-38.0,90.5,0.005356
-38.0,91.0,0.006140
-38.0,91.5,0.005318
-38.0,92.0,0.005209
-38.0,92.5,0.005527
-38.0,93.0,0.004669
-38.0,93.5,0.004431
-38.0,94.0,0.004379
-38.0,94.5,0.004526
-38.0,95.0,0.004084
-38.0,95.5,0.004260
-38.0,96.0,0.005538
-38.0,96.5,0.005491
-38.0,97.0,0.005264
-38.0,97.5,0.005342
-38.0,98.0,0.005073
-38.0,98.5,0.007983
-38.0,99.0,0.007977
-38.0,99.5,0.007411
-38.0,100.0,0.007482
-38.0,100.5,0.007570
-38.0,101.0,0.006052
-38.0,101.5,0.002355
-38.0,102.0,0.002355
-38.0,102.5,0.002355
-38.0,103.0,0.002355
-38.0,103.5,0.002355
-37.5,82.0,0.000054
-37.5,82.5,0.000054
-37.5,83.0,0.000054
-37.5,83.5,0.000054
-37.5,84.0,0.000054
-37.5,84.5,0.000054
-37.5,85.0,0.000054
-37.5,85.5,0.000054
-37.5,86.0,0.000054
-37.5,86.5,0.000054
-37.5,87.0,0.000084
-37.5,87.5,0.000084
-37.5,88.0,0.000218
-37.5,88.5,0.005614
-37.5,89.0,0.004730
-37.5,89.5,0.004228
-37.5,90.0,0.004209
-37.5,90.5,0.006833
-37.5,91.0,0.007832
-37.5,91.5,0.006785
-37.5,92.0,0.006647
-37.5,92.5,0.007051
-37.5,93.0,0.005958
-37.5,93.5,0.005655
-37.5,94.0,0.005589
-37.5,94.5,0.005776
-37.5,95.0,0.005213
-37.5,95.5,0.005436
-37.5,96.0,0.007065
-37.5,96.5,0.007005
-37.5,97.0,0.006717
-37.5,97.5,0.006815
-37.5,98.0,0.006473
-37.5,98.5,0.010134
-37.5,99.0,0.010126
-37.5,99.5,0.009409
-37.5,100.0,0.009500
-37.5,100.5,0.009610
-37.5,101.0,0.007687
-37.5,101.5,0.002994
-37.5,102.0,0.002994
-37.5,102.5,0.002994
-37.5,103.0,0.002994
-37.5,103.5,0.002994
-37.0,82.0,0.003786
-37.0,82.5,0.003786
-37.0,83.0,0.003786
-37.0,83.5,0.003786
-37.0,84.0,0.003786
-37.0,84.5,0.003786
-37.0,85.0,0.003786
-37.0,85.5,0.003786
-37.0,86.0,0.003786
-37.0,86.5,0.003786
-37.0,87.0,0.004524
-37.0,87.5,0.004524
-37.0,88.0,0.006230
-37.0,88.5,0.069283
-37.0,89.0,0.063973
-37.0,89.5,0.043910
-37.0,90.0,0.043138
-37.0,90.5,0.058005
-37.0,91.0,0.060772
-37.0,91.5,0.050904
-37.0,92.0,0.049909
-37.0,92.5,0.053045
-37.0,93.0,0.041099
-37.0,93.5,0.041535
-37.0,94.0,0.041067
-37.0,94.5,0.038371
-37.0,95.0,0.034927
-37.0,95.5,0.036376
-37.0,96.0,0.042880
-37.0,96.5,0.042532
-37.0,97.0,0.040841
-37.0,97.5,0.041417
-37.0,98.0,0.034078
-37.0,98.5,0.038332
-37.0,99.0,0.038303
-37.0,99.5,0.035660
-37.0,100.0,0.035996
-37.0,100.5,0.035782
-37.0,101.0,0.022538
-37.0,101.5,0.008860
-37.0,102.0,0.008860
-37.0,102.5,0.008860
-37.0,103.0,0.008860
-37.0,103.5,0.008860
-36.5,82.0,0.002824
-36.5,82.5,0.002824
-36.5,83.0,0.002824
-36.5,83.5,0.002824
-36.5,84.0,0.002824
-36.5,84.5,0.002824
-36.5,85.0,0.002824
-36.5,85.5,0.002824
-36.5,86.0,0.002824
-36.5,86.5,0.002824
-36.5,87.0,0.003375
-36.5,87.5,0.003375
-36.5,88.0,0.004126
-36.5,88.5,0.035590
-36.5,89.0,0.034743
-36.5,89.5,0.054148
-36.5,90.0,0.046904
-36.5,90.5,0.062034
-36.5,91.0,0.065025
-36.5,91.5,0.054652
-36.5,92.0,0.053278
-36.5,92.5,0.056574
-36.5,93.0,0.043870
-36.5,93.5,0.044489
-36.5,94.0,0.043989
-36.5,94.5,0.041110
-36.5,95.0,0.037429
-36.5,95.5,0.038978
-36.5,96.0,0.045925
-36.5,96.5,0.045554
-36.5,97.0,0.043747
-36.5,97.5,0.044363
-36.5,98.0,0.036522
-36.5,98.5,0.041068
-36.5,99.0,0.041036
-36.5,99.5,0.038213
-36.5,100.0,0.038572
-36.5,100.5,0.035809
-36.5,101.0,0.022555
-36.5,101.5,0.008867
-36.5,102.0,0.008867
-36.5,102.5,0.008867
-36.5,103.0,0.008867
-36.5,103.5,0.008867
-36.0,82.0,0.004725
-36.0,82.5,0.004725
-36.0,83.0,0.004725
-36.0,83.5,0.004725
-36.0,84.0,0.004725
-36.0,84.5,0.004725
-36.0,85.0,0.004725
-36.0,85.5,0.004725
-36.0,86.0,0.004725
-36.0,86.5,0.004725
-36.0,87.0,0.005644
-36.0,87.5,0.005644
-36.0,88.0,0.006898
-36.0,88.5,0.038398
-36.0,89.0,0.037493
-36.0,89.5,0.057139
-36.0,90.0,0.050485
-36.0,90.5,0.071080
-36.0,91.0,0.075398
-36.0,91.5,0.061910
-36.0,92.0,0.059951
-36.0,92.5,0.063899
-36.0,93.0,0.049637
-36.0,93.5,0.050332
-36.0,94.0,0.049770
-36.0,94.5,0.045622
-36.0,95.0,0.041555
-36.0,95.5,0.043277
-36.0,96.0,0.049505
-36.0,96.5,0.049132
-36.0,97.0,0.047255
-36.0,97.5,0.047918
-36.0,98.0,0.039496
-36.0,98.5,0.044395
-36.0,99.0,0.044362
-36.0,99.5,0.041319
-36.0,100.0,0.041706
-36.0,100.5,0.038728
-36.0,101.0,0.023517
-36.0,101.5,0.009251
-36.0,102.0,0.009251
-36.0,102.5,0.009251
-36.0,103.0,0.009251
-36.0,103.5,0.009251
-35.5,82.0,0.004946
-35.5,82.5,0.004946
-35.5,83.0,0.004946
-35.5,83.5,0.004946
-35.5,84.0,0.004946
-35.5,84.5,0.004946
-35.5,85.0,0.004946
-35.5,85.5,0.004946
-35.5,86.0,0.004946
-35.5,86.5,0.004946
-35.5,87.0,0.005908
-35.5,87.5,0.005908
-35.5,88.0,0.007220
-35.5,88.5,0.039976
-35.5,89.0,0.039086
-35.5,89.5,0.059795
-35.5,90.0,0.052940
-35.5,90.5,0.074347
-35.5,91.0,0.078053
-35.5,91.5,0.061461
-35.5,92.0,0.059198
-35.5,92.5,0.063615
-35.5,93.0,0.049413
-35.5,93.5,0.050105
-35.5,94.0,0.049500
-35.5,94.5,0.045373
-35.5,95.0,0.041284
-35.5,95.5,0.042952
-35.5,96.0,0.048961
-35.5,96.5,0.048593
-35.5,97.0,0.046778
-35.5,97.5,0.047435
-35.5,98.0,0.039094
-35.5,98.5,0.043946
-35.5,99.0,0.043913
-35.5,99.5,0.040900
-35.5,100.0,0.041283
-35.5,100.5,0.038334
-35.5,101.0,0.023087
-35.5,101.5,0.009139
-35.5,102.0,0.009139
-35.5,102.5,0.009139
-35.5,103.0,0.009139
-35.5,103.5,0.009139
-35.0,82.0,0.005044
-35.0,82.5,0.005044
-35.0,83.0,0.005044
-35.0,83.5,0.005044
-35.0,84.0,0.005044
-35.0,84.5,0.005044
-35.0,85.0,0.005044
-35.0,85.5,0.005044
-35.0,86.0,0.005044
-35.0,86.5,0.005044
-35.0,87.0,0.006025
-35.0,87.5,0.006025
-35.0,88.0,0.007363
-35.0,88.5,0.032160
-35.0,89.0,0.031641
-35.0,89.5,0.048139
-35.0,90.0,0.042481
-35.0,90.5,0.046606
-35.0,91.0,0.047598
-35.0,91.5,0.036992
-35.0,92.0,0.034919
-35.0,92.5,0.041619
-35.0,93.0,0.034725
-35.0,93.5,0.035276
-35.0,94.0,0.035000
-35.0,94.5,0.032238
-35.0,95.0,0.029296
-35.0,95.5,0.030491
-35.0,96.0,0.034884
-35.0,96.5,0.034618
-35.0,97.0,0.033307
-35.0,97.5,0.033781
-35.0,98.0,0.027771
-35.0,98.5,0.031263
-35.0,99.0,0.031226
-35.0,99.5,0.026917
-35.0,100.0,0.027173
-35.0,100.5,0.025205
-35.0,101.0,0.019664
-35.0,101.5,0.007767
-35.0,102.0,0.007767
-35.0,102.5,0.007767
-35.0,103.0,0.007767
-35.0,103.5,0.007767
-34.5,82.0,0.005402
-34.5,82.5,0.005402
-34.5,83.0,0.005402
-34.5,83.5,0.005402
-34.5,84.0,0.005402
-34.5,84.5,0.005402
-34.5,85.0,0.005402
-34.5,85.5,0.005402
-34.5,86.0,0.005402
-34.5,86.5,0.005402
-34.5,87.0,0.006453
-34.5,87.5,0.006453
-34.5,88.0,0.007884
-34.5,88.5,0.034377
-34.5,89.0,0.033823
-34.5,89.5,0.051228
-34.5,90.0,0.045561
-34.5,90.5,0.052596
-34.5,91.0,0.053969
-34.5,91.5,0.045550
-34.5,92.0,0.044018
-34.5,92.5,0.050044
-34.5,93.0,0.038537
-34.5,93.5,0.039039
-34.5,94.0,0.038707
-34.5,94.5,0.035429
-34.5,95.0,0.032206
-34.5,95.5,0.033515
-34.5,96.0,0.038441
-34.5,96.5,0.038149
-34.5,97.0,0.036709
-34.5,97.5,0.037250
-34.5,98.0,0.030643
-34.5,98.5,0.034484
-34.5,99.0,0.034465
-34.5,99.5,0.029723
-34.5,100.0,0.030005
-34.5,100.5,0.027838
-34.5,101.0,0.021731
-34.5,101.5,0.008595
-34.5,102.0,0.008595
-34.5,102.5,0.008595
-34.5,103.0,0.008595
-34.5,103.5,0.008595
-34.0,82.0,0.004473
-34.0,82.5,0.004473
-34.0,83.0,0.004473
-34.0,83.5,0.004473
-34.0,84.0,0.004473
-34.0,84.5,0.004473
-34.0,85.0,0.004473
-34.0,85.5,0.004473
-34.0,86.0,0.004473
-34.0,86.5,0.004473
-34.0,87.0,0.005344
-34.0,87.5,0.005344
-34.0,88.0,0.006531
-34.0,88.5,0.028247
-34.0,89.0,0.027789
-34.0,89.5,0.042225
-34.0,90.0,0.037476
-34.0,90.5,0.043124
-34.0,91.0,0.044086
-34.0,91.5,0.035995
-34.0,92.0,0.034719
-34.0,92.5,0.038286
-34.0,93.0,0.028762
-34.0,93.5,0.030147
-34.0,94.0,0.030220
-34.0,94.5,0.027701
-34.0,95.0,0.024181
-34.0,95.5,0.025841
-34.0,96.0,0.031211
-34.0,96.5,0.030972
-34.0,97.0,0.029300
-34.0,97.5,0.029735
-34.0,98.0,0.024414
-34.0,98.5,0.028641
-34.0,99.0,0.028626
-34.0,99.5,0.024667
-34.0,100.0,0.024926
-34.0,100.5,0.023118
-34.0,101.0,0.018027
-34.0,101.5,0.007114
-34.0,102.0,0.007114
-34.0,102.5,0.007114
-34.0,103.0,0.007114
-34.0,103.5,0.007114
-33.5,82.0,0.005226
-33.5,82.5,0.005226
-33.5,83.0,0.005226
-33.5,83.5,0.005226
-33.5,84.0,0.005226
-33.5,84.5,0.005226
-33.5,85.0,0.005226
-33.5,85.5,0.005226
-33.5,86.0,0.005226
-33.5,86.5,0.005226
-33.5,87.0,0.005785
-33.5,87.5,0.005785
-33.5,88.0,0.006906
-33.5,88.5,0.029844
-33.5,89.0,0.029362
-33.5,89.5,0.044576
-33.5,90.0,0.039575
-33.5,90.5,0.045424
-33.5,91.0,0.046453
-33.5,91.5,0.037874
-33.5,92.0,0.036534
-33.5,92.5,0.040965
-33.5,93.0,0.031128
-33.5,93.5,0.032461
-33.5,94.0,0.032257
-33.5,94.5,0.029144
-33.5,95.0,0.025291
-33.5,95.5,0.027061
-33.5,96.0,0.032349
-33.5,96.5,0.032102
-33.5,97.0,0.030152
-33.5,97.5,0.030599
-33.5,98.0,0.025128
-33.5,98.5,0.029450
-33.5,99.0,0.029434
-33.5,99.5,0.025366
-33.5,100.0,0.025633
-33.5,100.5,0.023774
-33.5,101.0,0.018542
-33.5,101.5,0.007319
-33.5,102.0,0.007319
-33.5,102.5,0.007319
-33.5,103.0,0.007319
-33.5,103.5,0.007319
-33.0,82.0,0.004921
-33.0,82.5,0.004921
-33.0,83.0,0.004921
-33.0,83.5,0.004921
-33.0,84.0,0.004921
-33.0,84.5,0.004921
-33.0,85.0,0.004921
-33.0,85.5,0.004921
-33.0,86.0,0.004921
-33.0,86.5,0.004921
-33.0,87.0,0.005448
-33.0,87.5,0.005448
-33.0,88.0,0.006504
-33.0,88.5,0.028145
-33.0,89.0,0.027689
-33.0,89.5,0.042075
-33.0,90.0,0.037343
-33.0,90.5,0.042877
-33.0,91.0,0.043851
-33.0,91.5,0.035671
-33.0,92.0,0.034490
-33.0,92.5,0.038361
-33.0,93.0,0.028974
-33.0,93.5,0.030073
-33.0,94.0,0.029903
-33.0,94.5,0.027636
-33.0,95.0,0.022677
-33.0,95.5,0.024282
-33.0,96.0,0.030993
-33.0,96.5,0.030806
-33.0,97.0,0.028855
-33.0,97.5,0.029284
-33.0,98.0,0.024018
-33.0,98.5,0.028154
-33.0,99.0,0.028138
-33.0,99.5,0.024245
-33.0,100.0,0.024500
-33.0,100.5,0.022722
-33.0,101.0,0.017717
-33.0,101.5,0.006990
-33.0,102.0,0.006990
-33.0,102.5,0.006990
-33.0,103.0,0.006990
-33.0,103.5,0.006990
-32.5,82.0,0.004338
-32.5,82.5,0.004338
-32.5,83.0,0.004338
-32.5,83.5,0.004338
-32.5,84.0,0.004338
-32.5,84.5,0.004338
-32.5,85.0,0.004338
-32.5,85.5,0.004338
-32.5,86.0,0.004338
-32.5,86.5,0.004338
-32.5,87.0,0.004802
-32.5,87.5,0.004802
-32.5,88.0,0.005734
-32.5,88.5,0.024879
-32.5,89.0,0.024475
-32.5,89.5,0.037188
-32.5,90.0,0.032987
-32.5,90.5,0.037901
-32.5,91.0,0.038766
-32.5,91.5,0.031415
-32.5,92.0,0.030370
-32.5,92.5,0.033795
-32.5,93.0,0.024689
-32.5,93.5,0.025508
-32.5,94.0,0.025139
-32.5,94.5,0.022963
-32.5,95.0,0.018832
-32.5,95.5,0.020086
-32.5,96.0,0.027761
-32.5,96.5,0.027593
-32.5,97.0,0.025840
-32.5,97.5,0.026225
-32.5,98.0,0.021497
-32.5,98.5,0.025210
-32.5,99.0,0.025196
-32.5,99.5,0.021701
-32.5,100.0,0.021930
-32.5,100.5,0.020334
-32.5,101.0,0.015847
-32.5,101.5,0.006245
-32.5,102.0,0.006245
-32.5,102.5,0.006245
-32.5,103.0,0.006245
-32.5,103.5,0.006245
-32.0,82.0,0.004743
-32.0,82.5,0.004743
-32.0,83.0,0.004743
-32.0,83.5,0.004743
-32.0,84.0,0.004743
-32.0,84.5,0.004743
-32.0,85.0,0.004743
-32.0,85.5,0.004743
-32.0,86.0,0.004743
-32.0,86.5,0.004743
-32.0,87.0,0.005251
-32.0,87.5,0.005251
-32.0,88.0,0.006269
-32.0,88.5,0.027150
-32.0,89.0,0.026710
-32.0,89.5,0.040644
-32.0,90.0,0.036067
-32.0,90.5,0.041420
-32.0,91.0,0.042362
-32.0,91.5,0.034433
-32.0,92.0,0.033313
-32.0,92.5,0.037096
-32.0,93.0,0.027745
-32.0,93.5,0.028723
-32.0,94.0,0.028450
-32.0,94.5,0.025945
-32.0,95.0,0.022883
-32.0,95.5,0.023600
-32.0,96.0,0.030761
-32.0,96.5,0.030523
-32.0,97.0,0.028695
-32.0,97.5,0.029099
-32.0,98.0,0.023595
-32.0,98.5,0.027660
-32.0,99.0,0.027580
-32.0,99.5,0.023762
-32.0,100.0,0.023881
-32.0,100.5,0.022180
-32.0,101.0,0.017293
-32.0,101.5,0.006821
-32.0,102.0,0.006821
-32.0,102.5,0.006821
-32.0,103.0,0.006821
-32.0,103.5,0.006821
-31.5,82.0,0.005468
-31.5,82.5,0.005468
-31.5,83.0,0.005468
-31.5,83.5,0.005468
-31.5,84.0,0.005468
-31.5,84.5,0.005468
-31.5,85.0,0.005468
-31.5,85.5,0.005468
-31.5,86.0,0.005468
-31.5,86.5,0.005468
-31.5,87.0,0.006052
-31.5,87.5,0.006052
-31.5,88.0,0.007225
-31.5,88.5,0.031189
-31.5,89.0,0.030599
-31.5,89.5,0.046557
-31.5,90.0,0.041388
-31.5,90.5,0.047493
-31.5,91.0,0.048566
-31.5,91.5,0.040209
-31.5,92.0,0.038908
-31.5,92.5,0.043352
-31.5,93.0,0.034701
-31.5,93.5,0.035802
-31.5,94.0,0.035430
-31.5,94.5,0.033793
-31.5,95.0,0.031951
-31.5,95.5,0.031909
-31.5,96.0,0.042937
-31.5,96.5,0.042270
-31.5,97.0,0.036896
-31.5,97.5,0.037765
-31.5,98.0,0.030183
-31.5,98.5,0.035220
-31.5,99.0,0.035118
-31.5,99.5,0.030289
-31.5,100.0,0.030440
-31.5,100.5,0.028286
-31.5,101.0,0.022083
-31.5,101.5,0.008736
-31.5,102.0,0.008736
-31.5,102.5,0.008736
-31.5,103.0,0.008736
-31.5,103.5,0.008736
-31.0,82.0,0.005246
-31.0,82.5,0.005246
-31.0,83.0,0.005246
-31.0,83.5,0.005246
-31.0,84.0,0.005246
-31.0,84.5,0.005246
-31.0,85.0,0.005246
-31.0,85.5,0.005246
-31.0,86.0,0.005246
-31.0,86.5,0.005246
-31.0,87.0,0.005807
-31.0,87.5,0.005807
-31.0,88.0,0.006933
-31.0,88.5,0.029992
-31.0,89.0,0.029424
-31.0,89.5,0.044671
-31.0,90.0,0.039791
-31.0,90.5,0.045671
-31.0,91.0,0.046705
-31.0,91.5,0.038703
-31.0,92.0,0.037449
-31.0,92.5,0.041874
-31.0,93.0,0.033267
-31.0,93.5,0.034324
-31.0,94.0,0.033928
-31.0,94.5,0.032385
-31.0,95.0,0.030618
-31.0,95.5,0.030675
-31.0,96.0,0.039173
-31.0,96.5,0.039095
-31.0,97.0,0.034397
-31.0,97.5,0.035404
-31.0,98.0,0.028073
-31.0,98.5,0.032805
-31.0,99.0,0.032711
-31.0,99.5,0.028183
-31.0,100.0,0.028324
-31.0,100.5,0.026318
-31.0,101.0,0.020538
-31.0,101.5,0.008172
-31.0,102.0,0.008172
-31.0,102.5,0.008172
-31.0,103.0,0.008172
-31.0,103.5,0.008172
-30.5,82.0,0.005137
-30.5,82.5,0.005137
-30.5,83.0,0.005137
-30.5,83.5,0.005137
-30.5,84.0,0.005137
-30.5,84.5,0.005137
-30.5,85.0,0.005137
-30.5,85.5,0.005137
-30.5,86.0,0.005137
-30.5,86.5,0.005137
-30.5,87.0,0.005686
-30.5,87.5,0.005686
-30.5,88.0,0.006789
-30.5,88.5,0.029383
-30.5,89.0,0.028826
-30.5,89.5,0.043777
-30.5,90.0,0.038991
-30.5,90.5,0.044758
-30.5,91.0,0.045773
-30.5,91.5,0.038183
-30.5,92.0,0.036946
-30.5,92.5,0.041313
-30.5,93.0,0.032055
-30.5,93.5,0.033075
-30.5,94.0,0.032693
-30.5,94.5,0.031204
-30.5,95.0,0.029500
-30.5,95.5,0.029667
-30.5,96.0,0.036370
-30.5,96.5,0.036464
-30.5,97.0,0.030642
-30.5,97.5,0.031487
-30.5,98.0,0.025437
-30.5,98.5,0.029789
-30.5,99.0,0.029641
-30.5,99.5,0.025526
-30.5,100.0,0.025654
-30.5,100.5,0.023798
-30.5,101.0,0.018560
-30.5,101.5,0.006678
-30.5,102.0,0.006678
-30.5,102.5,0.006678
-30.5,103.0,0.006678
-30.5,103.5,0.006678
-30.0,82.0,0.004980
-30.0,82.5,0.004980
-30.0,83.0,0.004980
-30.0,83.5,0.004980
-30.0,84.0,0.004980
-30.0,84.5,0.004980
-30.0,85.0,0.004980
-30.0,85.5,0.004980
-30.0,86.0,0.004980
-30.0,86.5,0.004980
-30.0,87.0,0.005512
-30.0,87.5,0.005512
-30.0,88.0,0.006581
-30.0,88.5,0.028504
-30.0,89.0,0.027964
-30.0,89.5,0.042487
-30.0,90.0,0.037837
-30.0,90.5,0.043441
-30.0,91.0,0.044427
-30.0,91.5,0.037023
-30.0,92.0,0.035822
-30.0,92.5,0.040062
-30.0,93.0,0.030635
-30.0,93.5,0.031611
-30.0,94.0,0.031246
-30.0,94.5,0.029821
-30.0,95.0,0.028189
-30.0,95.5,0.028257
-30.0,96.0,0.033829
-30.0,96.5,0.033959
-30.0,97.0,0.029177
-30.0,97.5,0.027681
-30.0,98.0,0.021776
-30.0,98.5,0.026270
-30.0,99.0,0.026115
-30.0,99.5,0.023444
-30.0,100.0,0.023562
-30.0,100.5,0.021854
-30.0,101.0,0.017037
-30.0,101.5,0.006123
-30.0,102.0,0.006123
-30.0,102.5,0.006123
-30.0,103.0,0.006123
-30.0,103.5,0.006123
-29.5,82.0,0.004538
-29.5,82.5,0.004538
-29.5,83.0,0.004538
-29.5,83.5,0.004538
-29.5,84.0,0.004538
-29.5,84.5,0.004538
-29.5,85.0,0.004538
-29.5,85.5,0.004538
-29.5,86.0,0.004538
-29.5,86.5,0.004538
-29.5,87.0,0.005023
-29.5,87.5,0.005023
-29.5,88.0,0.005998
-29.5,88.5,0.024458
-29.5,89.0,0.023992
-29.5,89.5,0.036530
-29.5,90.0,0.032509
-29.5,90.5,0.037402
-29.5,91.0,0.038256
-29.5,91.5,0.031798
-29.5,92.0,0.030761
-29.5,92.5,0.034423
-29.5,93.0,0.026635
-29.5,93.5,0.027488
-29.5,94.0,0.027168
-29.5,94.5,0.025944
-29.5,95.0,0.024519
-29.5,95.5,0.024698
-29.5,96.0,0.029520
-29.5,96.5,0.029634
-29.5,97.0,0.025485
-29.5,97.5,0.024281
-29.5,98.0,0.028098
-29.5,98.5,0.033219
-29.5,99.0,0.033025
-29.5,99.5,0.025378
-29.5,100.0,0.025505
-29.5,100.5,0.023660
-29.5,101.0,0.018452
-29.5,101.5,0.006321
-29.5,102.0,0.006321
-29.5,102.5,0.006321
-29.5,103.0,0.006321
-29.5,103.5,0.006321
-29.0,82.0,0.007342
-29.0,82.5,0.007342
-29.0,83.0,0.007342
-29.0,83.5,0.007342
-29.0,84.0,0.007342
-29.0,84.5,0.007342
-29.0,85.0,0.007342
-29.0,85.5,0.007342
-29.0,86.0,0.007342
-29.0,86.5,0.007342
-29.0,87.0,0.008125
-29.0,87.5,0.008125
-29.0,88.0,0.009603
-29.0,88.5,0.031853
-29.0,89.0,0.031251
-29.0,89.5,0.047399
-29.0,90.0,0.042235
-29.0,90.5,0.048485
-29.0,91.0,0.049579
-29.0,91.5,0.042493
-29.0,92.0,0.041122
-29.0,92.5,0.045959
-29.0,93.0,0.035921
-29.0,93.5,0.037059
-29.0,94.0,0.036656
-29.0,94.5,0.035019
-29.0,95.0,0.033113
-29.0,95.5,0.033352
-29.0,96.0,0.040477
-29.0,96.5,0.040630
-29.0,97.0,0.036826
-29.0,97.5,0.037044
-29.0,98.0,0.048507
-29.0,98.5,0.046294
-29.0,99.0,0.046027
-29.0,99.5,0.033556
-29.0,100.0,0.033723
-29.0,100.5,0.030387
-29.0,101.0,0.023100
-29.0,101.5,0.007975
-29.0,102.0,0.007975
-29.0,102.5,0.007975
-29.0,103.0,0.007975
-29.0,103.5,0.007975
-28.5,82.0,0.007981
-28.5,82.5,0.007981
-28.5,83.0,0.007981
-28.5,83.5,0.007981
-28.5,84.0,0.007981
-28.5,84.5,0.007981
-28.5,85.0,0.007981
-28.5,85.5,0.007981
-28.5,86.0,0.007981
-28.5,86.5,0.007981
-28.5,87.0,0.008832
-28.5,87.5,0.008832
-28.5,88.0,0.010436
-28.5,88.5,0.034551
-28.5,89.0,0.033900
-28.5,89.5,0.051282
-28.5,90.0,0.045715
-28.5,90.5,0.052452
-28.5,91.0,0.053631
-28.5,91.5,0.046119
-28.5,92.0,0.044636
-28.5,92.5,0.049892
-28.5,93.0,0.039029
-28.5,93.5,0.040262
-28.5,94.0,0.039882
-28.5,94.5,0.038106
-28.5,95.0,0.036039
-28.5,95.5,0.036298
-28.5,96.0,0.044023
-28.5,96.5,0.044190
-28.5,97.0,0.040066
-28.5,97.5,0.040410
-28.5,98.0,0.052846
-28.5,98.5,0.058105
-28.5,99.0,0.056926
-28.5,99.5,0.037570
-28.5,100.0,0.037756
-28.5,100.5,0.034035
-28.5,101.0,0.025775
-28.5,101.5,0.008812
-28.5,102.0,0.008812
-28.5,102.5,0.008812
-28.5,103.0,0.008812
-28.5,103.5,0.008812
-28.0,82.0,0.007490
-28.0,82.5,0.007490
-28.0,83.0,0.007490
-28.0,83.5,0.007490
-28.0,84.0,0.007490
-28.0,84.5,0.007490
-28.0,85.0,0.007490
-28.0,85.5,0.007490
-28.0,86.0,0.007490
-28.0,86.5,0.007490
-28.0,87.0,0.008288
-28.0,87.5,0.008288
-28.0,88.0,0.009796
-28.0,88.5,0.032479
-28.0,89.0,0.031865
-28.0,89.5,0.048256
-28.0,90.0,0.043002
-28.0,90.5,0.049360
-28.0,91.0,0.050474
-28.0,91.5,0.043238
-28.0,92.0,0.041844
-28.0,92.5,0.046787
-28.0,93.0,0.036637
-28.0,93.5,0.037797
-28.0,94.0,0.037382
-28.0,94.5,0.037143
-28.0,95.0,0.035510
-28.0,95.5,0.035836
-28.0,96.0,0.039538
-28.0,96.5,0.039611
-28.0,97.0,0.037412
-28.0,97.5,0.037707
-28.0,98.0,0.047601
-28.0,98.5,0.053235
-28.0,99.0,0.052787
-28.0,99.5,0.033746
-28.0,100.0,0.033634
-28.0,100.5,0.030520
-28.0,101.0,0.023075
-28.0,101.5,0.006485
-28.0,102.0,0.006485
-28.0,102.5,0.006485
-28.0,103.0,0.006485
-28.0,103.5,0.006485
-27.5,82.0,0.006395
-27.5,82.5,0.006395
-27.5,83.0,0.006395
-27.5,83.5,0.006395
-27.5,84.0,0.006395
-27.5,84.5,0.006395
-27.5,85.0,0.006395
-27.5,85.5,0.006395
-27.5,86.0,0.006395
-27.5,86.5,0.006395
-27.5,87.0,0.007078
-27.5,87.5,0.007078
-27.5,88.0,0.008367
-27.5,88.5,0.027836
-27.5,89.0,0.027308
-27.5,89.5,0.041455
-27.5,90.0,0.036913
-27.5,90.5,0.042411
-27.5,91.0,0.043374
-27.5,91.5,0.037117
-27.5,92.0,0.035912
-27.5,92.5,0.040185
-27.5,93.0,0.031420
-27.5,93.5,0.032420
-27.5,94.0,0.032078
-27.5,94.5,0.031872
-27.5,95.0,0.030464
-27.5,95.5,0.030745
-27.5,96.0,0.033951
-27.5,96.5,0.034014
-27.5,97.0,0.032115
-27.5,97.5,0.032370
-27.5,98.0,0.041105
-27.5,98.5,0.043611
-27.5,99.0,0.043516
-27.5,99.5,0.031055
-27.5,100.0,0.031325
-27.5,100.5,0.027912
-27.5,101.0,0.019028
-27.5,101.5,0.005127
-27.5,102.0,0.005127
-27.5,102.5,0.005127
-27.5,103.0,0.005127
-27.5,103.5,0.005127
-27.0,82.0,0.005750
-27.0,82.5,0.005750
-27.0,83.0,0.005750
-27.0,83.5,0.005750
-27.0,84.0,0.005750
-27.0,84.5,0.005750
-27.0,85.0,0.005750
-27.0,85.5,0.005750
-27.0,86.0,0.005750
-27.0,86.5,0.005750
-27.0,87.0,0.006365
-27.0,87.5,0.006365
-27.0,88.0,0.007525
-27.0,88.5,0.024498
-27.0,89.0,0.024031
-27.0,89.5,0.037285
-27.0,90.0,0.033162
-27.0,90.5,0.038123
-27.0,91.0,0.038993
-27.0,91.5,0.033400
-27.0,92.0,0.032312
-27.0,92.5,0.036172
-27.0,93.0,0.028256
-27.0,93.5,0.029121
-27.0,94.0,0.028813
-27.0,94.5,0.028627
-27.0,95.0,0.027358
-27.0,95.5,0.027611
-27.0,96.0,0.030458
-27.0,96.5,0.030514
-27.0,97.0,0.028800
-27.0,97.5,0.028987
-27.0,98.0,0.036844
-27.0,98.5,0.038935
-27.0,99.0,0.038757
-27.0,99.5,0.028396
-27.0,100.0,0.031009
-27.0,100.5,0.027010
-27.0,101.0,0.018400
-27.0,101.5,0.004965
-27.0,102.0,0.004965
-27.0,102.5,0.004965
-27.0,103.0,0.004965
-27.0,103.5,0.004965
-26.5,82.0,0.005836
-26.5,82.5,0.005836
-26.5,83.0,0.005836
-26.5,83.5,0.005836
-26.5,84.0,0.005836
-26.5,84.5,0.005836
-26.5,85.0,0.005836
-26.5,85.5,0.005836
-26.5,86.0,0.005836
-26.5,86.5,0.005836
-26.5,87.0,0.006459
-26.5,87.5,0.006459
-26.5,88.0,0.007636
-26.5,88.5,0.024856
-26.5,89.0,0.024382
-26.5,89.5,0.037822
-26.5,90.0,0.033642
-26.5,90.5,0.038672
-26.5,91.0,0.039554
-26.5,91.5,0.033883
-26.5,92.0,0.032711
-26.5,92.5,0.036617
-26.5,93.0,0.028607
-26.5,93.5,0.029482
-26.5,94.0,0.029170
-26.5,94.5,0.028982
-26.5,95.0,0.027698
-26.5,95.5,0.027954
-26.5,96.0,0.030780
-26.5,96.5,0.030819
-26.5,97.0,0.029120
-26.5,97.5,0.029310
-26.5,98.0,0.037250
-26.5,98.5,0.039363
-26.5,99.0,0.039179
-26.5,99.5,0.028739
-26.5,100.0,0.030567
-26.5,100.5,0.026090
-26.5,101.0,0.017984
-26.5,101.5,0.004873
-26.5,102.0,0.004873
-26.5,102.5,0.004873
-26.5,103.0,0.004873
-26.5,103.5,0.004873
-26.0,82.0,0.006117
-26.0,82.5,0.006117
-26.0,83.0,0.006117
-26.0,83.5,0.006117
-26.0,84.0,0.006117
-26.0,84.5,0.006117
-26.0,85.0,0.006117
-26.0,85.5,0.006117
-26.0,86.0,0.006117
-26.0,86.5,0.006117
-26.0,87.0,0.006771
-26.0,87.5,0.006771
-26.0,88.0,0.008004
-26.0,88.5,0.023878
-26.0,89.0,0.023423
-26.0,89.5,0.033960
-26.0,90.0,0.030193
-26.0,90.5,0.034726
-26.0,91.0,0.035527
-26.0,91.5,0.030415
-26.0,92.0,0.029359
-26.0,92.5,0.032879
-26.0,93.0,0.026391
-26.0,93.5,0.027200
-26.0,94.0,0.026911
-26.0,94.5,0.026737
-26.0,95.0,0.025751
-26.0,95.5,0.025989
-26.0,96.0,0.028039
-26.0,96.5,0.028075
-26.0,97.0,0.026756
-26.0,97.5,0.026930
-26.0,98.0,0.033224
-26.0,98.5,0.035117
-26.0,99.0,0.034907
-26.0,99.5,0.025482
-26.0,100.0,0.026993
-26.0,100.5,0.022972
-26.0,101.0,0.012150
-26.0,101.5,0.003400
-26.0,102.0,0.003400
-26.0,102.5,0.003400
-26.0,103.0,0.003400
-26.0,103.5,0.003400
-25.5,82.0,0.001940
-25.5,82.5,0.001940
-25.5,83.0,0.001940
-25.5,83.5,0.001940
-25.5,84.0,0.001940
-25.5,84.5,0.001940
-25.5,85.0,0.001940
-25.5,85.5,0.001940
-25.5,86.0,0.001940
-25.5,86.5,0.001940
-25.5,87.0,0.002144
-25.5,87.5,0.002144
-25.5,88.0,0.002514
-25.5,88.5,0.004188
-25.5,89.0,0.004107
-25.5,89.5,0.006662
-25.5,90.0,0.005905
-25.5,90.5,0.006530
-25.5,91.0,0.006422
-25.5,91.5,0.005474
-25.5,92.0,0.005280
-25.5,92.5,0.005930
-25.5,93.0,0.005531
-25.5,93.5,0.005652
-25.5,94.0,0.005591
-25.5,94.5,0.005554
-25.5,95.0,0.005345
-25.5,95.5,0.005395
-25.5,96.0,0.005826
-25.5,96.5,0.005834
-25.5,97.0,0.005554
-25.5,97.5,0.005643
-25.5,98.0,0.006386
-25.5,98.5,0.006764
-25.5,99.0,0.006722
-25.5,99.5,0.003445
-25.5,100.0,0.003528
-25.5,100.5,0.002404
-25.5,101.0,0.000684
-25.5,101.5,0.000782
-25.5,102.0,0.000782
-25.5,102.5,0.000782
-25.5,103.0,0.000782
-25.5,103.5,0.000782
-25.0,82.0,0.002790
-25.0,82.5,0.002790
-25.0,83.0,0.002790
-25.0,83.5,0.002790
-25.0,84.0,0.002790
-25.0,84.5,0.002790
-25.0,85.0,0.002790
-25.0,85.5,0.002790
-25.0,86.0,0.002790
-25.0,86.5,0.002790
-25.0,87.0,0.003084
-25.0,87.5,0.003084
-25.0,88.0,0.003615
-25.0,88.5,0.006018
-25.0,89.0,0.005901
-25.0,89.5,0.009562
-25.0,90.0,0.008478
-25.0,90.5,0.009372
-25.0,91.0,0.009507
-25.0,91.5,0.008107
-25.0,92.0,0.007820
-25.0,92.5,0.008781
-25.0,93.0,0.008191
-25.0,93.5,0.008370
-25.0,94.0,0.008280
-25.0,94.5,0.008225
-25.0,95.0,0.007916
-25.0,95.5,0.007991
-25.0,96.0,0.008628
-25.0,96.5,0.008639
-25.0,97.0,0.008225
-25.0,97.5,0.008357
-25.0,98.0,0.009454
-25.0,98.5,0.010011
-25.0,99.0,0.009950
-25.0,99.5,0.005835
-25.0,100.0,0.006022
-25.0,100.5,0.004115
-25.0,101.0,0.001773
-25.0,101.5,0.000468
-25.0,102.0,0.000468
-25.0,102.5,0.000468
-25.0,103.0,0.000468
-25.0,103.5,0.000468
-24.5,82.0,0.000702
-24.5,82.5,0.000702
-24.5,83.0,0.000702
-24.5,83.5,0.000702
-24.5,84.0,0.000702
-24.5,84.5,0.000702
-24.5,85.0,0.000702
-24.5,85.5,0.000702
-24.5,86.0,0.000702
-24.5,86.5,0.000702
-24.5,87.0,0.000776
-24.5,87.5,0.000776
-24.5,88.0,0.000910
-24.5,88.5,0.001518
-24.5,89.0,0.001488
-24.5,89.5,0.002418
-24.5,90.0,0.002142
-24.5,90.5,0.002370
-24.5,91.0,0.002402
-24.5,91.5,0.002046
-24.5,92.0,0.001973
-24.5,92.5,0.002217
-24.5,93.0,0.002067
-24.5,93.5,0.002113
-24.5,94.0,0.002090
-24.5,94.5,0.002076
-24.5,95.0,0.001997
-24.5,95.5,0.002016
-24.5,96.0,0.002156
-24.5,96.5,0.002159
-24.5,97.0,0.002070
-24.5,97.5,0.002104
-24.5,98.0,0.002382
-24.5,98.5,0.002523
-24.5,99.0,0.002508
-24.5,99.5,0.000882
-24.5,100.0,0.000826
-24.5,100.5,0.000552
-24.5,101.0,0.000150
-24.5,101.5,0.000019
-24.5,102.0,0.000019
-24.5,102.5,0.000019
-24.5,103.0,0.000019
-24.5,103.5,0.000019
-24.0,82.0,0.000702
-24.0,82.5,0.000702
-24.0,83.0,0.000702
-24.0,83.5,0.000702
-24.0,84.0,0.000702
-24.0,84.5,0.000702
-24.0,85.0,0.000702
-24.0,85.5,0.000702
-24.0,86.0,0.000702
-24.0,86.5,0.000702
-24.0,87.0,0.000776
-24.0,87.5,0.000776
-24.0,88.0,0.000910
-24.0,88.5,0.001518
-24.0,89.0,0.001488
-24.0,89.5,0.002418
-24.0,90.0,0.002142
-24.0,90.5,0.002370
-24.0,91.0,0.002402
-24.0,91.5,0.002046
-24.0,92.0,0.001973
-24.0,92.5,0.002217
-24.0,93.0,0.002067
-24.0,93.5,0.002113
-24.0,94.0,0.002090
-24.0,94.5,0.002076
-24.0,95.0,0.001997
-24.0,95.5,0.002016
-24.0,96.0,0.002156
-24.0,96.5,0.002159
-24.0,97.0,0.002070
-24.0,97.5,0.002104
-24.0,98.0,0.002382
-24.0,98.5,0.002523
-24.0,99.0,0.002508
-24.0,99.5,0.000882
-24.0,100.0,0.000826
-24.0,100.5,0.000552
-24.0,101.0,0.000150
-24.0,101.5,0.000019
-24.0,102.0,0.000019
-24.0,102.5,0.000019
-24.0,103.0,0.000019
-24.0,103.5,0.000019
-23.5,82.0,0.000702
-23.5,82.5,0.000702
-23.5,83.0,0.000702
-23.5,83.5,0.000702
-23.5,84.0,0.000702
-23.5,84.5,0.000702
-23.5,85.0,0.000702
-23.5,85.5,0.000702
-23.5,86.0,0.000702
-23.5,86.5,0.000702
-23.5,87.0,0.000776
-23.5,87.5,0.000776
-23.5,88.0,0.000910
-23.5,88.5,0.001518
-23.5,89.0,0.001488
-23.5,89.5,0.002418
-23.5,90.0,0.002142
-23.5,90.5,0.002370
-23.5,91.0,0.002402
-23.5,91.5,0.002046
-23.5,92.0,0.001973
-23.5,92.5,0.002217
-23.5,93.0,0.002067
-23.5,93.5,0.002113
-23.5,94.0,0.002090
-23.5,94.5,0.002076
-23.5,95.0,0.001997
-23.5,95.5,0.002016
-23.5,96.0,0.002156
-23.5,96.5,0.002159
-23.5,97.0,0.002070
-23.5,97.5,0.002104
-23.5,98.0,0.002382
-23.5,98.5,0.002523
-23.5,99.0,0.002508
-23.5,99.5,0.000882
-23.5,100.0,0.000826
-23.5,100.5,0.000552
-23.5,101.0,0.000150
-23.5,101.5,0.000019
-23.5,102.0,0.000019
-23.5,102.5,0.000019
-23.5,103.0,0.000019
-23.5,103.5,0.000019
-23.0,82.0,0.000702
-23.0,82.5,0.000702
-23.0,83.0,0.000702
-23.0,83.5,0.000702
-23.0,84.0,0.000702
-23.0,84.5,0.000702
-23.0,85.0,0.000702
-23.0,85.5,0.000702
-23.0,86.0,0.000702
-23.0,86.5,0.000702
-23.0,87.0,0.000776
-23.0,87.5,0.000776
-23.0,88.0,0.000910
-23.0,88.5,0.001518
-23.0,89.0,0.001488
-23.0,89.5,0.002418
-23.0,90.0,0.002142
-23.0,90.5,0.002370
-23.0,91.0,0.002402
-23.0,91.5,0.002046
-23.0,92.0,0.001973
-23.0,92.5,0.002217
-23.0,93.0,0.002067
-23.0,93.5,0.002113
-23.0,94.0,0.002090
-23.0,94.5,0.002076
-23.0,95.0,0.001997
-23.0,95.5,0.002016
-23.0,96.0,0.002156
-23.0,96.5,0.002159
-23.0,97.0,0.002070
-23.0,97.5,0.002104
-23.0,98.0,0.002382
-23.0,98.5,0.002523
-23.0,99.0,0.002508
-23.0,99.5,0.000882
-23.0,100.0,0.000826
-23.0,100.5,0.000552
-23.0,101.0,0.000150
-23.0,101.5,0.000019
-23.0,102.0,0.000019
-23.0,102.5,0.000019
-23.0,103.0,0.000019
-23.0,103.5,0.000019
-22.5,82.0,0.000702
-22.5,82.5,0.000702
-22.5,83.0,0.000702
-22.5,83.5,0.000702
-22.5,84.0,0.000702
-22.5,84.5,0.000702
-22.5,85.0,0.000702
-22.5,85.5,0.000702
-22.5,86.0,0.000702
-22.5,86.5,0.000702
-22.5,87.0,0.000776
-22.5,87.5,0.000776
-22.5,88.0,0.000910
-22.5,88.5,0.001518
-22.5,89.0,0.001488
-22.5,89.5,0.002418
-22.5,90.0,0.002142
-22.5,90.5,0.002370
-22.5,91.0,0.002402
-22.5,91.5,0.002046
-22.5,92.0,0.001973
-22.5,92.5,0.002217
-22.5,93.0,0.002067
-22.5,93.5,0.002113
-22.5,94.0,0.002090
-22.5,94.5,0.002076
-22.5,95.0,0.001997
-22.5,95.5,0.002016
-22.5,96.0,0.002156
-22.5,96.5,0.002159
-22.5,97.0,0.002070
-22.5,97.5,0.002104
-22.5,98.0,0.002382
-22.5,98.5,0.002523
-22.5,99.0,0.002508
-22.5,99.5,0.000882
-22.5,100.0,0.000826
-22.5,100.5,0.000552
-22.5,101.0,0.000150
-22.5,101.5,0.000019
-22.5,102.0,0.000019
-22.5,102.5,0.000019
-22.5,103.0,0.000019
-22.5,103.5,0.000019
-22.0,82.0,0.000702
-22.0,82.5,0.000702
-22.0,83.0,0.000702
-22.0,83.5,0.000702
-22.0,84.0,0.000702
-22.0,84.5,0.000702
-22.0,85.0,0.000702
-22.0,85.5,0.000702
-22.0,86.0,0.000702
-22.0,86.5,0.000702
-22.0,87.0,0.000776
-22.0,87.5,0.000776
-22.0,88.0,0.000910
-22.0,88.5,0.001518
-22.0,89.0,0.001488
-22.0,89.5,0.002418
-22.0,90.0,0.002142
-22.0,90.5,0.002370
-22.0,91.0,0.002402
-22.0,91.5,0.002046
-22.0,92.0,0.001973
-22.0,92.5,0.002217
-22.0,93.0,0.002067
-22.0,93.5,0.002113
-22.0,94.0,0.002090
-22.0,94.5,0.002076
-22.0,95.0,0.001997
-22.0,95.5,0.002016
-22.0,96.0,0.002156
-22.0,96.5,0.002159
-22.0,97.0,0.002070
-22.0,97.5,0.002104
-22.0,98.0,0.002382
-22.0,98.5,0.002523
-22.0,99.0,0.002508
-22.0,99.5,0.000882
-22.0,100.0,0.000826
-22.0,100.5,0.000552
-22.0,101.0,0.000150
-22.0,101.5,0.000019
-22.0,102.0,0.000019
-22.0,102.5,0.000019
-22.0,103.0,0.000019
-22.0,103.5,0.000019
-21.5,82.0,0.000702
-21.5,82.5,0.000702
-21.5,83.0,0.000702
-21.5,83.5,0.000702
-21.5,84.0,0.000702
-21.5,84.5,0.000702
-21.5,85.0,0.000702
-21.5,85.5,0.000702
-21.5,86.0,0.000702
-21.5,86.5,0.000702
-21.5,87.0,0.000776
-21.5,87.5,0.000776
-21.5,88.0,0.000910
-21.5,88.5,0.001518
-21.5,89.0,0.001488
-21.5,89.5,0.002418
-21.5,90.0,0.002142
-21.5,90.5,0.002370
-21.5,91.0,0.002402
-21.5,91.5,0.002046
-21.5,92.0,0.001973
-21.5,92.5,0.002217
-21.5,93.0,0.002067
-21.5,93.5,0.002113
-21.5,94.0,0.002090
-21.5,94.5,0.002076
-21.5,95.0,0.001997
-21.5,95.5,0.002016
-21.5,96.0,0.002156
-21.5,96.5,0.002159
-21.5,97.0,0.002070
-21.5,97.5,0.002104
-21.5,98.0,0.002382
-21.5,98.5,0.002523
-21.5,99.0,0.002508
-21.5,99.5,0.000882
-21.5,100.0,0.000826
-21.5,100.5,0.000552
-21.5,101.0,0.000150
-21.5,101.5,0.000019
-21.5,102.0,0.000019
-21.5,102.5,0.000019
-21.5,103.0,0.000019
-21.5,103.5,0.000019
-21.0,82.0,0.000702
-21.0,82.5,0.000702
-21.0,83.0,0.000702
-21.0,83.5,0.000702
-21.0,84.0,0.000702
-21.0,84.5,0.000702
-21.0,85.0,0.000702
-21.0,85.5,0.000702
-21.0,86.0,0.000702
-21.0,86.5,0.000702
-21.0,87.0,0.000776
-21.0,87.5,0.000776
-21.0,88.0,0.000910
-21.0,88.5,0.001518
-21.0,89.0,0.001488
-21.0,89.5,0.002418
-21.0,90.0,0.002142
-21.0,90.5,0.002370
-21.0,91.0,0.002402
-21.0,91.5,0.002046
-21.0,92.0,0.001973
-21.0,92.5,0.002217
-21.0,93.0,0.002067
-21.0,93.5,0.002113
-21.0,94.0,0.002090
-21.0,94.5,0.002076
-21.0,95.0,0.001997
-21.0,95.5,0.002016
-21.0,96.0,0.002156
-21.0,96.5,0.002159
-21.0,97.0,0.002070
-21.0,97.5,0.002104
-21.0,98.0,0.002382
-21.0,98.5,0.002523
-21.0,99.0,0.002508
-21.0,99.5,0.000882
-21.0,100.0,0.000826
-21.0,100.5,0.000552
-21.0,101.0,0.000150
-21.0,101.5,0.000019
-21.0,102.0,0.000019
-21.0,102.5,0.000019
-21.0,103.0,0.000019
-21.0,103.5,0.000019
-20.5,82.0,0.000702
-20.5,82.5,0.000702
-20.5,83.0,0.000702
-20.5,83.5,0.000702
-20.5,84.0,0.000702
-20.5,84.5,0.000702
-20.5,85.0,0.000702
-20.5,85.5,0.000702
-20.5,86.0,0.000702
-20.5,86.5,0.000702
-20.5,87.0,0.000776
-20.5,87.5,0.000776
-20.5,88.0,0.000910
-20.5,88.5,0.001518
-20.5,89.0,0.001488
-20.5,89.5,0.002418
-20.5,90.0,0.002142
-20.5,90.5,0.002370
-20.5,91.0,0.002402
-20.5,91.5,0.002046
-20.5,92.0,0.001973
-20.5,92.5,0.002217
-20.5,93.0,0.002067
-20.5,93.5,0.002113
-20.5,94.0,0.002090
-20.5,94.5,0.002076
-20.5,95.0,0.001997
-20.5,95.5,0.002016
-20.5,96.0,0.002156
-20.5,96.5,0.002159
-20.5,97.0,0.002070
-20.5,97.5,0.002104
-20.5,98.0,0.002382
-20.5,98.5,0.002523
-20.5,99.0,0.002508
-20.5,99.5,0.000882
-20.5,100.0,0.000826
-20.5,100.5,0.000552
-20.5,101.0,0.000150
-20.5,101.5,0.000019
-20.5,102.0,0.000019
-20.5,102.5,0.000019
-20.5,103.0,0.000019
-20.5,103.5,0.000019
-20.0,82.0,0.000702
-20.0,82.5,0.000702
-20.0,83.0,0.000702
-20.0,83.5,0.000702
-20.0,84.0,0.000702
-20.0,84.5,0.000702
-20.0,85.0,0.000702
-20.0,85.5,0.000702
-20.0,86.0,0.000702
-20.0,86.5,0.000702
-20.0,87.0,0.000776
-20.0,87.5,0.000776
-20.0,88.0,0.000910
-20.0,88.5,0.001518
-20.0,89.0,0.001488
-20.0,89.5,0.002418
-20.0,90.0,0.002142
-20.0,90.5,0.002370
-20.0,91.0,0.002402
-20.0,91.5,0.002046
-20.0,92.0,0.001973
-20.0,92.5,0.002217
-20.0,93.0,0.002067
-20.0,93.5,0.002113
-20.0,94.0,0.002090
-20.0,94.5,0.002076
-20.0,95.0,0.001997
-20.0,95.5,0.002016
-20.0,96.0,0.002156
-20.0,96.5,0.002159
-20.0,97.0,0.002070
-20.0,97.5,0.002104
-20.0,98.0,0.002382
-20.0,98.5,0.002523
-20.0,99.0,0.002508
-20.0,99.5,0.000882
-20.0,100.0,0.000826
-20.0,100.5,0.000552
-20.0,101.0,0.000150
-20.0,101.5,0.000019
-20.0,102.0,0.000019
-20.0,102.5,0.000019
-20.0,103.0,0.000019
-20.0,103.5,0.000019
